<?xml version="1.0" encoding="UTF-8" standalone="yes"?>
<addon id="plugin.video.ByPass" 
	   name="ByPass"
	   version="1.0.4"
	   provider-name="Teco">
  <requires>
    <import addon="xbmc.python" version="2.1.0"/>
  </requires>
  <extension point="xbmc.python.pluginsource" library="default.py">
        <provides>executable</provides>
  </extension>
  <extension point="xbmc.addon.metadata">
    <summary>Make Kodi Easy</summary>
    <description>Backup </description> 
    <platform>all</platform>
  </extension>
</addon>
