<?xml version="1.0" encoding="UTF-8" standalone="yes"?>
<addon id="plugin.video.NetHbo"
       name="[COLOR yellow]NetHbo[/COLOR]"
       version="1.1.0
       provider-name="Teco">
  <requires>
    <import addon="xbmc.python" version="2.1.0"/>
    <import addon="script.module.beautifulsoup" version="3.2.1"/>
    <import addon="script.module.simple.downloader" version="0.9.4"/>
    <import addon="script.module.beautifulsoup4" />
    <import addon="script.module.requests" />
    <import addon="script.module.httplib2" />
    <import addon="script.module.liveresolver" version="0.1.24" optional="true"/>
    <import addon="script.module.youtube.dl" optional="true"/>
    <import addon="plugin.video.youtube" optional="true" />
    <import addon="script.module.urlresolver" optional="true"/>
    <import addon="script.module.simplejson" />    
     <import addon="script.module.livestreamer" optional="true"/>
     <import addon="script.module.pyamf" optional="true"/>
  </requires>
  <extension point="xbmc.python.pluginsource" library="default.py">
    <provides>video</provides>
  </extension>
  <extension point="xbmc.addon.metadata">
  <extension point="xbmc.addon.repository" name="Repo Teco">
        <info>https://raw.githubusercontent.com/LukasAdrian/RepoAdoNet/master/addons.xml</info>
        <checksum>https://raw.githubusercontent.com/LukasAdrian/RepoAdoNet/master/addons.xml.md5</checksum>
        <datadir zip="true">https://raw.githubusercontent.com/LukasAdrian/RepoAdoNet/master/</datadir>
    </extension>
    <summary>Creado por Teco </summary>
    <description>Espero que disfruten de mi trabajo</description>
    <platform>all</platform>
  </extension>
</addon>