<?xml version="1.0" encoding="UTF-8" standalone="yes"?>
<addon id="repository.RepoAdoNet" name="[COLOR red] Teco[/COLOR] Repo" version="1.0.1" provider-name="Teco">
    <extension point="xbmc.addon.repository" name="Repo Teco">
        <info>https://raw.githubusercontent.com/LukasAdrian/RepoAdoNet/master/addons.xml</info>
        <checksum>https://raw.githubusercontent.com/LukasAdrian/RepoAdoNet/master/addons.xml.md5</checksum>
        <datadir zip="true">https://raw.githubusercontent.com/LukasAdrian/RepoAdoNet/master/</datadir>
    </extension>
    <extension point="xbmc.addon.metadata">
        <summary>Repositorio </summary>
        <description>Descarga e instala Add-ons con el repositorio de MR-Teco.</description>
        <disclaimer></disclaimer>
        <platform>all</platform>
    </extension>
</addon>
