<?xml version="1.0" encoding="UTF-8" standalone="yes"?>
<addon id="repository.RepoAdoNet" name="RepoTeco" version="1.0.0" provider-name="LukasAdrian">
    <extension point="xbmc.addon.repository" name="RepoTeco">
    	<dir minversion="19.0.0">
    	    <info compressed="false">https://raw.githubusercontent.com/LukasAdrian/RepoTeco/refs/heads/master/addons.xml</info>
        	<checksum>https://raw.githubusercontent.com/LukasAdrian/RepoTeco/refs/heads/master/addons.xml.md5</checksum>
        	<datadir zip="true">https://raw.githubusercontent.com/LukasAdrian/RepoTeco/master/zip/</datadir>
	    </dir>
	</extension>
	<extension point="xbmc.addon.metadata">
		<summary></summary>
   		<description lang="en">Repositorio para addons de Kodi</description>
		<platform>all</platform>
		<assets>
            <icon>icon.png</icon>
            <fanart>fanart.jpg</fanart>
        </assets>
	</extension>
</addon>