<?xml version="1.0" encoding="UTF-8" standalone="yes"?>
<addon id="plugin.video.EasyPalantir" 
	   name="Easy Palantir"
	   version="1.0.3"
	   provider-name="Insane in the Brain">
  <requires>
    <import addon="xbmc.python" version="2.1.0"/>
  </requires>
  <extension point="xbmc.python.pluginsource" library="default.py">
        <provides>executable</provides>
  </extension>
  <extension point="xbmc.addon.metadata">
    <summary>Make Kodi Easy</summary>
    <description>Credenciales para DK Y Kbagi</description> 
    <platform>all</platform>
  </extension>
</addon>
